idCategory, Category,Question,Expected Answer,Mistral Answer,GPT3.5 Answer,Similarity Score Mistral,Similarity Score GPT
0, Physical Properties,What is the texture of silk compared to burlap?,"Silk is smooth and soft, while burlap is rough and coarse.","Silk is smooth and sleek, while burlap is rough and coarse.","Silk is smooth and soft, while burlap is coarse and rough.",0.9841012954711914,0.9992309212684631
0,Physical Properties,Does a wooden cube float on water? Why?,"Yes, a wooden cube floats because its density is less than that of water.","Yes, a wooden cube floats on water because its density is less than water's. This buoyancy is due to the displacement of water by the cube.","Yes, a wooden cube floats on water because wood is less dense than water, causing it to displace enough water to stay afloat.",0.9509446620941162,0.9351800084114075
0,Physical Properties,Can a ceramic vase break if it falls onto a thick carpet? Why?,"It might not break if the carpet cushions the fall, but from a high enough height, it could still crack.","Yes, it can. While carpet cushions impact, the sudden stop can still cause the vase to break due to its fragility and the force of the fall.","Yes, a ceramic vase can still break if it falls onto a thick carpet because the impact can cause it to shatter.",0.7110463976860046,0.6736278533935547
0,Physical Properties,Is a metal spoon heavier than a plastic spoon of the same size? Why?,"Yes, metal is denser than plastic, so a metal spoon of the same size will weigh more.","Yes, a metal spoon is heavier due to higher density. Metal is denser than plastic, so it weighs more for the same volume.","Yes, a metal spoon is typically heavier than a plastic spoon of the same size because metal is denser than plastic.",0.9390935301780701,0.9497007131576538
0,Physical Properties,Why does ice feel slippery when touched?,Ice feels slippery because a thin layer of water forms on its surface due to pressure or heat.,"Ice feels slippery due to a thin layer of water on its surface, caused by melting from the heat of your hand or pressure from skates.","A thin layer of liquid water on the surface of ice reduces friction, making it feel slippery.",0.8614025712013245,0.901266872882843
1,Causal Relationships,What happens if you blow on a lit candle?,The flame will go out because the air movement removes the oxygen needed for combustion.,"If you blow on a lit candle, the flame will usually flicker and may go out due to the force of the air.",Blowing on a lit candle will extinguish the flame.,0.6351962089538574,0.6336914300918579
1,Causal Relationships,Why does a balloon burst when it is overinflated?,The balloon bursts because the internal pressure exceeds the elasticity of its material.,"A balloon bursts when overinflated because the internal air pressure exceeds the strength of the balloon's material, causing it to rupture.",An overinflated balloon bursts because the pressure inside exceeds its elastic limit.,0.8493729829788208,0.8632705211639404
1,Causal Relationships,What happens if you mix oil and water? Why?,Oil and water separate because oil is less dense and does not mix with water.,"Oil and water don't mix because they're immiscible. Oil is hydrophobic, while water is polar, causing them to separate.","Oil and water do not mix because they have different molecular structures and densities. Instead, they separate into distinct layers.",0.837094247341156,0.8380054235458374
1,Causal Relationships,Why do objects fall to the ground when dropped?,"Objects fall due to gravity, which pulls them toward the Earth's center.",Gravity pulls objects towards Earth's center.,"Objects fall due to the force of gravity, which pulls them towards the center of the Earth.",0.8217720985412598,0.984392523765564
1,Causal Relationships,What happens when you heat a metal rod? Explain.,The metal rod expands as the heat increases the vibration of its atoms.,"When you heat a metal rod, it expands due to increased kinetic energy of its atoms, a process called thermal expansion.","Heating a metal rod causes its particles to vibrate more vigorously, increasing kinetic energy and expanding the material.",0.870031476020813,0.8467586636543274
2,Sensory Perception,Why does metal feel colder than wood at room temperature?,"Metal conducts heat faster, making it feel colder than wood.","Metal conducts heat better, so it draws warmth from your hand, making it feel colder than wood at room temperature.","Metal has higher thermal conductivity than wood, so it transfers heat from our skin faster, making it feel colder.",0.9129116535186768,0.9062647819519043
2,Sensory Perception,Describe the taste of a lemon to someone who has never tried it.,"A lemon tastes very sour, with a sharp, refreshing, and tangy flavor.","Imagine a bright, sharp tang that makes your mouth pucker, with a refreshing, zesty bite. It's like a burst of sunshine, sour and invigorating.","A lemon tastes tangy, zesty, and slightly sour with a refreshing citrus kick.",0.5309977531433105,0.9258253574371338
2,Sensory Perception,What does the sound of a crackling fire remind you of?,The sound of a crackling fire might remind someone of warmth or being near a campfire.,"A crackling fire reminds me of cozy winter nights, warmth, and the comfort of home.",The sound of a crackling fire reminds me of cozy winter nights spent indoors with loved ones.,0.7866218090057373,0.8347716331481934
2,Sensory Perception,What color do you get if you mix blue and yellow?,You get green because blue and yellow are primary colors that combine to form green.,You get green.,Mixing blue and yellow together creates the color green.,0.711148202419281,0.8075389862060547
2,Sensory Perception,What would the texture of a cat's fur feel like when wet?,"Wet cat fur would feel slippery, dense, and slightly sticky to the touch.","A wet cat's fur feels soggy and heavy, with a slick, matted texture.","When wet, a cat's fur would feel cold, damp, and clumped together.",0.8156278133392334,0.8130195140838623
